DETAILED STATEMENT,,,,,,,,
Search,,,,,,,,
Account Number,,112201509997(INR)  - JOHN DOE,,,,,,
Transaction Date from,,,to,,,,,
Transaction Period,,FY 2024 - 25,,,,,,
Advanced Search,,,,,,,,
Amount from,,NA,to,NA,,,,
Cheque number from,,NA,to,NA,,,,
Transaction remarks,,NA,,,,,,
Transaction type,,All,,,,,,
Transactions List -  JOHN DOER - 112201599999,,,,,,,,
,,,,,,,,
S No.,Value Date,Transaction Date,Cheque Number,Transaction Remarks,Withdrawal Amount (INR ),Deposit Amount (INR ),Balance (INR ),Remarks
2,26/10/25,26/10/25,-,UPI/411708729975/UPI/mayankshah0793@/IDBI Bank Limit/HDFac65a144da034161803f8e6,0,10000,18383.03,
9,29/06/24,30/06/24,-,112201507107:Int.Pd:30-03-2024 to 29-06-2024      ,0,108,12627.44,Bank Interest Received
12,29/09/24,30/09/24,-,112201507107:Int.Pd:30-06-2024 to 29-09-2024      ,0,95,12712.74,Bank Interest Received
15,14/11/24,14/11/24,-,UPI/mayankshah0793-/UPI/HDFC BANK LTD/431981770589/HDF1c62d2c9d5594d798e7996d42,0,5000,12748.56,
16,22/12/24,22/12/24,-,UPI/alokag28@kotak/NA/Kotak Mahindra /435722881879/KOT247437196ONR49K5U6S1T6F9B,0,5200,17948.56,
17,03/10/25,03/10/25,-,UPI/GARIMAGUPTA1137@OKHDFCBANK/UPI/HDFC BANK LTD/415510555095/HDF1c62d2c9d5594d798e7996d99,0,350,23148.56,
18,22/12/24,22/12/24,-,UPI/solarflare@ibl/Payment from Ph/HDFC BANK LTD/580682100748/IBLe54a89a268f547,0,350,38148.56,